Category,Title,Price,MOQ,Image_URL
Industrial Machinery,2024 Kesen Wood Cutting Sawing Wood Sawmill Lumber Mill Band Saw Mill Wood Cutting Machine with Petrol Engine,"$800-1,060",1 piece,https://s.alicdn.com/@sc04/kf/H2e5e55360ae745708ee91c7f9ae76731P.jpg_250x250xz.jpg
Industrial Machinery,Woodworking 45 90 Degrees Double Saw Blade Melamine MDF Plywood Wood Cutting Machine Precision Sliding Table Panel Saw Machine,"$600-1,650",1 piece,https://s.alicdn.com/@sc04/kf/H8e2cbeca30a24d7aaa9612d23c024506y.jpg_250x250xz.jpg
Industrial Machinery,Wood-Mizer LT40 Sawmill Sale Advanced Technology and Reliable Performance Perfect for Efficient and Accurate Lumber Processing,"$4,000-4,100",1 unit,https://s.alicdn.com/@sc04/kf/Af501342bfadc4311ada37134108e286fO.png_250x250xz.jpg
Industrial Machinery,4 Axis CNC Router Metal Cutting Machine 3D Wood Carving CNC Router With CE Certificate,"$2,780",1 set,https://s.alicdn.com/@sc04/kf/H2e474a0abf2c4652ad256f8e8916bc54g.png_250x250xz.jpg
Industrial Machinery,2025 Hot Sale Xunke 3 Axis CNC Router Machine Price Woodworking 1325 4x8 CNC Wood Router Machine for Furniture Making,"$1,500-1,900",1 piece,https://s.alicdn.com/@sc04/kf/H8bd7e4e1c55149eea127aee0f129b9744.jpg_250x250xz.jpg
Industrial Machinery,In-stock New Finished Engraving Cutting CNC Machine 4*10ft CA-1325 1530 Wood 3d CNC Router,"$1,980-2,580",1 set,https://s.alicdn.com/@sc04/kf/Hae6efcee235d4ad58a87e7cf8d9a418e8.jpg_250x250xz.jpg
Industrial Machinery,Portable Small Laboratory Electrostatic Powder Spraying Machine Metal Coating Portable Device with Spray Gun,$276-304,2 pieces,https://s.alicdn.com/@sc04/kf/H58232fa69b304f3fa4e96feaf56e9c93I.jpg_250x250xz.jpg
Industrial Machinery,High-Pressure Electrostatic Spray Gun Special for Plastic Powder for Metal Coating-Industrial,$695,1 piece,https://s.alicdn.com/@sc04/kf/Hf7bc9be470424b6d912b575a1df90652w.png_250x250xz.jpg
Industrial Machinery,Portable Micro Powder Spraying Equipment Handheld Laboratory Electrostatic Powder Spray Gun,$276,2 pieces,https://s.alicdn.com/@sc04/kf/H6999fe5d641d411b872cd91d6e98ccfev.jpg_250x250xz.jpg
Industrial Machinery,Custom Design 1 Cavity Semi-automatic Preform PET 10 Liter Oil Plastic Bottle Blowing Blow Molding Machine,"$2,000-3,800",1 set,https://s.alicdn.com/@sc04/kf/Hac61bfd89df74442bb797970c45a42adE.jpg_250x250xz.jpg
Industrial Machinery,Lowest Price Semi Automatic PET Plastic Bottle Making Machine Blow Molding Machine,"$1,000-3,000",1 set,https://s.alicdn.com/@sc04/kf/H6a16b82b8f6b4eab8c9da2c07f22971aV.jpg_250x250xz.jpg
Industrial Machinery,Semi Automatic PET Bottle Blowing Machine / PET Plastic Bottle Blow Molding Machine,"$2,000",1 set,https://s.alicdn.com/@sc04/kf/Hfffce7a620544675b474cd4a7b8b4a04R.jpg_250x250xz.jpg
Industrial Machinery,China High Pressure Hydraulic Hose Crimping Machine Cable Press Hose Fitting Crimper P32 Wire Rope Tube Swaging Price for Sale,$449-890,1 set,https://s.alicdn.com/@sc04/kf/H2f80b2e6169c4449a1144d42c0080150S.jpg_250x250xz.jpg
Industrial Machinery,Low Factory Price Automatically 2 Inch Press Pressure Flexible Hose Crimping Machine 51mm P32 Hydraulic Hose Crimper,$459-899,1 set,https://s.alicdn.com/@sc04/kf/He3b833a68af14da980c6090ea5eaffc3w.jpg_250x250xz.jpg
Industrial Machinery,Hot Sale CE Free Dies Hydraulic Pipe Press Hydraulic Hose Crimping Machine DX68 Finn Power P32 Hose Crimper With Germany Quality,$599-899,1 set,https://s.alicdn.com/@sc04/kf/Hd69947094d4542d3a99e8f3d93a8c5d1D.jpg_250x250xz.jpg
Industrial Machinery,Automatic A4 A3 Copy Paper Making Manufacturing Production Line Ream Cutting and Packing Machine Price A4 Paper Cutting Machine,"$12,500-18,000",1 set,https://s.alicdn.com/@sc04/kf/He055865a8372494583ff765bb47ac5238.jpg_250x250xz.jpg
Industrial Machinery,Full Automatic Roll to Sheet A3 A4 A5 Ream Sheet Size Cutter Production Line Cutting and Packaging A4 Paper Making Machine,"$24,000-28,000",1 set,https://s.alicdn.com/@sc04/kf/A64cbbdf37d7b4a04a7e83e0108075af9M.jpg_250x250xz.jpg
Industrial Machinery,RTHA-1400 Automatic Jumbo Roll Cross Cutting High Productivity A4 Paper Making Process Packing Machine,"$30,900-31,000",1 set,https://s.alicdn.com/@sc04/kf/H7c9d5edcff824deabdba961c34cc2454E.png_250x250xz.jpg
